title,date_of_posting,time_of_posting,time_in_IST,likes
"Jun 16, 2024",2024-06-16,08:00:07,12:30:07,47
"Jun 11, 2024",2024-06-11,15:02:34,19:32:34,80
"Jun 1, 2024",2024-06-01,15:37:01,20:07:01,136
"May 31, 2024",2024-05-31,15:18:35,19:48:35,113
"May 30, 2024",2024-05-30,13:51:15,18:21:15,95
"May 28, 2024",2024-05-28,14:32:04,19:02:04,120
"May 28, 2024",2024-05-28,04:33:44,09:03:44,109
"May 26, 2024",2024-05-26,13:33:05,18:03:05,195
"May 25, 2024",2024-05-25,15:18:32,19:48:32,101
"May 23, 2024",2024-05-23,09:58:23,14:28:23,121
"May 18, 2024",2024-05-18,16:17:41,20:47:41,143
"Apr 3, 2024",2024-04-03,14:15:15,18:45:15,213
"Mar 12, 2024",2024-03-12,13:52:03,18:22:03,189
"Feb 14, 2024",2024-02-14,05:58:20,10:28:20,176
"Jan 17, 2024",2024-01-17,15:18:56,19:48:56,120
"Jan 16, 2024",2024-01-16,11:26:15,15:56:15,176
"Dec 23, 2023",2023-12-23,12:50:49,17:20:49,183
"Dec 19, 2023",2023-12-19,17:03:33,21:33:33,166
"Dec 15, 2023",2023-12-15,14:10:46,18:40:46,267
"Nov 14, 2023",2023-11-14,05:56:09,10:26:09,169
"Oct 30, 2023",2023-10-30,15:56:09,20:26:09,118
"Oct 27, 2023",2023-10-27,13:19:20,17:49:20,46
"Sep 23, 2023",2023-09-23,06:57:35,11:27:35,226
"Aug 24, 2023",2023-08-24,15:15:41,19:45:41,155
"Aug 14, 2023",2023-08-14,15:29:55,19:59:55,158
"Aug 1, 2023",2023-08-01,13:04:46,17:34:46,143
"Jul 30, 2023",2023-07-30,13:29:44,17:59:44,208
"Jul 21, 2023",2023-07-21,13:26:14,17:56:14,202
"Jun 30, 2023",2023-06-30,12:50:03,17:20:03,104
"Jun 27, 2023",2023-06-27,16:03:37,20:33:37,127
"Jun 26, 2023",2023-06-26,15:55:36,20:25:36,131
"Jun 23, 2023",2023-06-23,13:13:07,17:43:07,132
"Jun 22, 2023",2023-06-22,14:49:50,19:19:50,543
"Jun 21, 2023",2023-06-21,13:49:40,18:19:40,155
"Jun 18, 2023",2023-06-18,13:37:47,18:07:47,249
"Jun 15, 2023",2023-06-15,14:44:00,19:14:00,115
"Jun 9, 2023",2023-06-09,12:33:03,17:03:03,227
"May 29, 2023",2023-05-29,16:42:00,21:12:00,107
"May 27, 2023",2023-05-27,15:14:24,19:44:24,120
"May 26, 2023",2023-05-26,15:41:32,20:11:32,126
"May 26, 2023",2023-05-26,08:32:16,13:02:16,75
"May 25, 2023",2023-05-25,13:13:47,17:43:47,189
"May 24, 2023",2023-05-24,08:22:29,12:52:29,271
"May 22, 2023",2023-05-22,16:21:32,20:51:32,315
"May 22, 2023",2023-05-22,14:01:25,18:31:25,27
"Apr 18, 2023",2023-04-18,12:37:59,17:07:59,181
"Mar 27, 2023",2023-03-27,12:31:22,17:01:22,151
"Mar 21, 2023",2023-03-21,12:54:12,17:24:12,110
"Feb 7, 2023",2023-02-07,05:06:31,09:36:31,108
"Feb 3, 2023",2023-02-03,05:45:49,10:15:49,244
"Jan 19, 2023",2023-01-19,15:11:28,19:41:28,182
"Jan 4, 2023",2023-01-04,08:27:13,12:57:13,180
"Dec 23, 2022",2022-12-23,05:20:31,09:50:31,243
"Nov 17, 2022",2022-11-17,14:13:56,18:43:56,213
"Oct 30, 2022",2022-10-30,09:50:32,14:20:32,251
"Oct 17, 2022",2022-10-17,11:43:43,16:13:43,219
"Oct 16, 2022",2022-10-16,15:18:48,19:48:48,261
"Aug 28, 2022",2022-08-28,08:34:15,13:04:15,104
"Aug 16, 2022",2022-08-16,13:40:38,18:10:38,134
"Jul 26, 2022",2022-07-26,10:48:46,15:18:46,81
"Jul 3, 2022",2022-07-03,14:41:43,19:11:43,121
"Jul 3, 2022",2022-07-03,12:12:54,16:42:54,144
"Jun 26, 2022",2022-06-26,13:42:19,18:12:19,162
"Jun 24, 2022",2022-06-24,16:41:04,21:11:04,164
"Jun 23, 2022",2022-06-23,04:53:02,09:23:02,126
"Jun 19, 2022",2022-06-19,16:11:55,20:41:55,126
"May 30, 2022",2022-05-30,17:42:51,22:12:51,133
"May 29, 2022",2022-05-29,16:59:10,21:29:10,267
"May 28, 2022",2022-05-28,14:56:58,19:26:58,285
"May 27, 2022",2022-05-27,15:08:16,19:38:16,266
"May 26, 2022",2022-05-26,06:25:03,10:55:03,149
"May 24, 2022",2022-05-24,14:14:23,18:44:23,106
"Mar 26, 2022",2022-03-26,10:48:39,15:18:39,177
"Feb 24, 2022",2022-02-24,13:10:41,17:40:41,156
"Feb 23, 2022",2022-02-23,15:36:24,20:06:24,225
"Jan 25, 2022",2022-01-25,11:29:46,15:59:46,114
"Jan 12, 2022",2022-01-12,14:55:20,19:25:20,153
"Dec 20, 2021",2021-12-20,15:41:23,20:11:23,156
"Nov 19, 2021",2021-11-19,15:39:34,20:09:34,125
"Nov 5, 2021",2021-11-05,12:01:52,16:31:52,162
"Nov 2, 2021",2021-11-02,13:20:09,17:50:09,41
"Nov 2, 2021",2021-11-02,13:20:04,17:50:04,158
"Nov 2, 2021",2021-11-02,13:19:20,17:49:20,46
"Oct 31, 2021",2021-10-31,11:30:02,16:00:02,160
"Oct 16, 2021",2021-10-16,13:15:32,17:45:32,213
"Oct 11, 2021",2021-10-11,15:13:01,19:43:01,256
"Sep 30, 2021",2021-09-30,15:00:09,19:30:09,258
"Sep 26, 2021",2021-09-26,16:30:57,21:00:57,498
"Sep 24, 2021",2021-09-24,15:21:55,19:51:55,506
"Sep 22, 2021",2021-09-22,14:46:38,19:16:38,161
"Sep 12, 2021",2021-09-12,13:03:23,17:33:23,255
"Sep 6, 2021",2021-09-06,12:58:31,17:28:31,281
"Jun 30, 2021",2021-06-30,14:11:25,18:41:25,124
"Jun 28, 2021",2021-06-28,14:48:33,19:18:33,168
"Jun 27, 2021",2021-06-27,14:33:54,19:03:54,165
"Jun 27, 2021",2021-06-27,10:21:33,14:51:33,138
"Jun 26, 2021",2021-06-26,10:43:13,15:13:13,212
"Jun 24, 2021",2021-06-24,14:48:29,19:18:29,105
"Jun 21, 2021",2021-06-21,15:29:48,19:59:48,137
"Jun 15, 2021",2021-06-15,14:47:36,19:17:36,131
"Jun 6, 2021",2021-06-06,13:24:17,17:54:17,126
"May 23, 2021",2021-05-23,06:55:48,11:25:48,203
"May 21, 2021",2021-05-21,10:35:06,15:05:06,202
"May 21, 2021",2021-05-21,16:30:14,21:00:14,150
"May 19, 2021",2021-05-19,16:30:18,21:00:18,219
"May 18, 2021",2021-05-18,15:42:15,20:12:15,271
"May 18, 2021",2021-05-18,05:31:03,10:01:03,195
"May 16, 2021",2021-05-16,10:01:32,14:31:32,156
"May 15, 2021",2021-05-15,15:29:47,19:59:47,125
"May 14, 2021",2021-05-14,07:21:30,11:51:30,183
"May 5, 2021",2021-05-05,14:00:48,18:30:48,264
"May 5, 2021",2021-05-05,13:59:19,18:29:19,114
"May 5, 2021",2021-05-05,14:02:11,18:32:11,133
"Apr 20, 2021",2021-04-20,12:38:50,17:08:50,265
"Apr 11, 2021",2021-04-11,15:26:11,19:56:11,189
"Apr 8, 2021",2021-04-08,12:01:27,16:31:27,332
"Feb 27, 2021",2021-02-27,15:08:11,19:38:11,132
"Feb 22, 2021",2021-02-22,11:03:39,15:33:39,127
"Jan 30, 2021",2021-01-30,13:33:19,18:03:19,104
"Jan 26, 2021",2021-01-26,14:16:47,18:46:47,203
"Jan 23, 2021",2021-01-23,12:35:51,17:05:51,132
"Jan 14, 2021",2021-01-14,05:37:38,10:07:38,206
"Dec 29, 2020",2020-12-29,12:30:02,17:00:02,96
"Dec 28, 2020",2020-12-28,14:45:41,19:15:41,122
"Dec 27, 2020",2020-12-27,13:39:50,18:09:50,95
"Dec 25, 2020",2020-12-25,16:29:58,20:59:58,98
"Dec 23, 2020",2020-12-23,10:59:20,15:29:20,133
"Dec 21, 2020",2020-12-21,14:16:59,18:46:59,125
"Dec 18, 2020",2020-12-18,12:35:34,17:05:34,149
"Dec 10, 2020",2020-12-10,14:28:24,18:58:24,144
"Dec 3, 2020",2020-12-03,13:13:12,17:43:12,111
"Nov 25, 2020",2020-11-25,15:33:17,20:03:17,164
"Nov 24, 2020",2020-11-24,12:34:35,17:04:35,149
"Nov 17, 2020",2020-11-17,13:33:10,18:03:10,174
"Nov 11, 2020",2020-11-11,15:57:16,20:27:16,150
"Nov 1, 2020",2020-11-01,14:57:40,19:27:40,124
"Oct 31, 2020",2020-10-31,13:18:48,17:48:48,135
"Oct 26, 2020",2020-10-26,13:45:32,18:15:32,136
"Oct 23, 2020",2020-10-23,12:22:57,16:52:57,184
"Oct 14, 2020",2020-10-14,15:07:26,19:37:26,153
"Oct 10, 2020",2020-10-10,15:55:39,20:25:39,146
"Oct 10, 2020",2020-10-10,06:40:51,11:10:51,752
"Oct 9, 2020",2020-10-09,05:57:22,10:27:22,157
"Oct 8, 2020",2020-10-08,15:44:42,20:14:42,180
"Oct 7, 2020",2020-10-07,14:09:47,18:39:47,195
"Oct 6, 2020",2020-10-06,14:05:07,18:35:07,132
"Oct 5, 2020",2020-10-05,14:26:04,18:56:04,215
"Oct 4, 2020",2020-10-04,13:19:41,17:49:41,495
"Oct 3, 2020",2020-10-03,13:09:48,17:39:48,197
"Sep 14, 2020",2020-09-14,13:59:43,18:29:43,154
"Sep 13, 2020",2020-09-13,15:31:17,20:01:17,396
"Sep 10, 2020",2020-09-10,16:30:15,21:00:15,221
"Sep 8, 2020",2020-09-08,15:58:42,20:28:42,176
"Aug 21, 2020",2020-08-21,15:32:49,20:02:49,256
"Jun 30, 2020",2020-06-30,15:20:16,19:50:16,107
"Jun 28, 2020",2020-06-28,15:53:44,20:23:44,131
"Jun 27, 2020",2020-06-27,16:04:20,20:34:20,87
"Jun 26, 2020",2020-06-26,15:54:03,20:24:03,128
"Jun 25, 2020",2020-06-25,02:30:02,07:00:02,145
"Jun 23, 2020",2020-06-23,15:33:11,20:03:11,105
"Jun 22, 2020",2020-06-22,15:41:40,20:11:40,211
